d;omega;npp;sdmu;mu_a_bel;mu_b_bel;mu_a_brav;mu_b_brav;init_belligerence;init_bravery;time_step;mean_a_bel;mean_b_bel;mean_belligerence;mean_a_brav;mean_b_brav;mean_bravery;var_a_bel;var_b_bel;var_belligerence;var_a_brav;var_b_brav;var_bravery;n_escalated_contests;global_fecundity_total;file
0.1;0.5;5;0.02;0.01;0;0.01;0;0.5;0.5;50000;0.422837;0;0.422837;0.540932;0;0.540932;0.00202346;0;0.00202346;0.000940775;0;0.000940775;350;4407.26;./sim_stress_06_08_2023_1732480
0.1;0.9;5;0.02;0.01;0;0.01;0;0.5;0.5;50000;0.504147;0;0.504147;0.417589;0;0.417589;0.00143525;0;0.00143525;0.000906513;0;0.000906513;391;4519.24;./sim_stress_06_08_2023_1732481
0.1;0.5;5;0.02;0.01;0;0.01;0;0.5;0.5;50000;0.389605;0;0.389605;0.51219;0;0.51219;0.000936846;0;0.000936846;0.00125642;0;0.00125642;304;4535.32;./sim_stress_06_08_2023_1732482
0.1;0.9;5;0.02;0.01;0;0.01;0;0.5;0.5;50000;0.467901;0;0.467901;0.386658;0;0.386658;0.00104455;0;0.00104455;0.00333054;0;0.00333054;366;4631.8;./sim_stress_06_08_2023_1732483
0.1;0.5;5;0.02;0.01;0;0.01;0;0.5;0.5;50000;0.375894;0;0.375894;0.467536;0;0.467536;0.00201989;0;0.00201989;0.00112595;0;0.00112595;318;4650.28;./sim_stress_06_08_2023_1732484
0.1;0.9;5;0.02;0.01;0;0.01;0;0.5;0.5;50000;0.420809;0;0.420809;0.330553;0;0.330553;0.00110181;0;0.00110181;0.00136834;0;0.00136834;351;4774.96;./sim_stress_06_08_2023_1732485
0.1;0.5;5;0.02;0.01;0;0.01;0;0.5;0.5;50000;0.326022;0;0.326022;0.400942;0;0.400942;0.00219123;0;0.00219123;0.00190756;0;0.00190756;269;4800.74;./sim_stress_06_08_2023_1732486
0.1;0.9;5;0.02;0.01;0;0.01;0;0.5;0.5;50000;0.38216;0;0.38216;0.261554;0;0.261554;0.000842312;0;0.000842312;0.00223527;0;0.00223527;313;4862.61;./sim_stress_06_08_2023_1732487
0.1;0.5;5;0.02;0.01;0;0.01;0;0.5;0.5;50000;0.28365;0;0.28365;0.308931;0;0.308931;0.00269838;0;0.00269838;0.00146304;0;0.00146304;222;4911.55;./sim_stress_06_08_2023_1732488
0.1;0.9;5;0.02;0.01;0;0.01;0;0.5;0.5;50000;0.314247;0;0.314247;0.224136;0;0.224136;0.00221943;0;0.00221943;0.00246788;0;0.00246788;282;4928.92;./sim_stress_06_08_2023_1732489
0.1;0.5;5;0.02;0.01;0;0.01;0;0.5;0.5;50000;0.212253;0;0.212253;0.199001;0;0.199001;0.00394375;0;0.00394375;0.00455686;0;0.00455686;190;4971.93;./sim_stress_06_08_2023_17324810
0.1;0.9;5;0.02;0.01;0;0.01;0;0.5;0.5;50000;0.240464;0;0.240464;0.0983648;0;0.0983648;0.00385753;0;0.00385753;0.01231;0;0.01231;206;4971.24;./sim_stress_06_08_2023_17324811
0.1;0.5;5;0.02;0.01;0;0.01;0;0.5;0.5;50000;0.136548;0;0.136548;0.134977;0;0.134977;0.00506682;0;0.00506682;0.00414483;0;0.00414483;127;4991.55;./sim_stress_06_08_2023_17324812
0.1;0.9;5;0.02;0.01;0;0.01;0;0.5;0.5;50000;0.199737;0;0.199737;0.132497;0;0.132497;0.0041424;0;0.0041424;0.00469888;0;0.00469888;209;4982.66;./sim_stress_06_08_2023_17324813
0.5;0.5;5;0.02;0.01;0;0.01;0;0.5;0.5;50000;0.244078;0;0.244078;0.248766;0;0.248766;0.00156977;0;0.00156977;0.00226972;0;0.00226972;200;4955.97;./sim_stress_06_08_2023_17324814
0.5;0.9;5;0.02;0.01;0;0.01;0;0.5;0.5;50000;0.271859;0;0.271859;0.153369;0;0.153369;0.00204187;0;0.00204187;0.00298719;0;0.00298719;232;4962.69;./sim_stress_06_08_2023_17324815
0.5;0.5;5;0.02;0.01;0;0.01;0;0.5;0.5;50000;0.226791;0;0.226791;0.248581;0;0.248581;0.00235624;0;0.00235624;0.00227282;0;0.00227282;208;4959.59;./sim_stress_06_08_2023_17324816
0.5;0.9;5;0.02;0.01;0;0.01;0;0.5;0.5;50000;0.268864;0;0.268864;0.160017;0;0.160017;0.00139383;0;0.00139383;0.00390603;0;0.00390603;256;4964.48;./sim_stress_06_08_2023_17324817
0.5;0.5;5;0.02;0.01;0;0.01;0;0.5;0.5;50000;0.212183;0;0.212183;0.205004;0;0.205004;0.00207625;0;0.00207625;0.00317524;0;0.00317524;178;4974.57;./sim_stress_06_08_2023_17324818
0.5;0.9;5;0.02;0.01;0;0.01;0;0.5;0.5;50000;0.245606;0;0.245606;0.134938;0;0.134938;0.0026015;0;0.0026015;0.00298608;0;0.00298608;229;4974.26;./sim_stress_06_08_2023_17324819
0.5;0.5;5;0.02;0.01;0;0.01;0;0.5;0.5;50000;0.194402;0;0.194402;0.174626;0;0.174626;0.00204327;0;0.00204327;0.00161857;0;0.00161857;184;4984.49;./sim_stress_06_08_2023_17324820
0.5;0.9;5;0.02;0.01;0;0.01;0;0.5;0.5;50000;0.238745;0;0.238745;0.137049;0;0.137049;0.00206308;0;0.00206308;0.00420149;0;0.00420149;212;4975.75;./sim_stress_06_08_2023_17324821
0.5;0.9;5;0.02;0.01;0;0.01;0;0.5;0.5;50000;0.151935;0;0.151935;0.0325119;0;0.0325119;0.00301962;0;0.00301962;0.0102587;0;0.0102587;160;4994.4;./sim_stress_06_08_2023_17324825
0.5;0.9;5;0.02;0.01;0;0.01;0;0.5;0.5;50000;0.196247;0;0.196247;0.0256071;0;0.0256071;0.00276425;0;0.00276425;0.00652355;0;0.00652355;182;4988.79;./sim_stress_06_08_2023_17324823
0.5;0.5;5;0.02;0.01;0;0.01;0;0.5;0.5;50000;0.173488;0;0.173488;0.104098;0;0.104098;0.00389803;0;0.00389803;0.00351854;0;0.00351854;152;4990.06;./sim_stress_06_08_2023_17324822
0.5;0.5;5;0.02;0.01;0;0.01;0;0.5;0.5;50000;0.138872;0;0.138872;0.000368469;0;0.000368469;0.0030211;0;0.0030211;0.0080456;0;0.0080456;164;4995.67;./sim_stress_06_08_2023_17324824
0.5;0.5;5;0.02;0.01;0;0.01;0;0.5;0.5;50000;0.0583301;0;0.0583301;0.00348608;0;0.00348608;0.00622213;0;0.00622213;0.00382708;0;0.00382708;51;4998.74;./sim_stress_06_08_2023_17324826
0.5;0.9;5;0.02;0.01;0;0.01;0;0.5;0.5;50000;0.110535;0;0.110535;0.0260292;0;0.0260292;0.006185;0;0.006185;0.00500627;0;0.00500627;111;4997.03;./sim_stress_06_08_2023_17324827
0.9;0.9;5;0.02;0.01;0;0.01;0;0.5;0.5;50000;0.157363;0;0.157363;-0.0511858;0;-0.0511858;0.00289732;0;0.00289732;0.00454486;0;0.00454486;150;4993.84;./sim_stress_06_08_2023_17324829
0.9;0.5;5;0.02;0.01;0;0.01;0;0.5;0.5;50000;0.0743368;0;0.0743368;0.0993653;0;0.0993653;0.00640486;0;0.00640486;0.00673404;0;0.00673404;70;4995.66;./sim_stress_06_08_2023_17324828
0.9;0.5;5;0.02;0.01;0;0.01;0;0.5;0.5;50000;0.119098;0;0.119098;0.027137;0;0.027137;0.00258915;0;0.00258915;0.00419823;0;0.00419823;122;4997.64;./sim_stress_06_08_2023_17324830
0.9;0.9;5;0.02;0.01;0;0.01;0;0.5;0.5;50000;0.0884732;0;0.0884732;0.0310948;0;0.0310948;0.00518485;0;0.00518485;0.0045584;0;0.0045584;87;4997.84;./sim_stress_06_08_2023_17324831
0.9;0.5;5;0.02;0.01;0;0.01;0;0.5;0.5;50000;0.15411;0;0.15411;0.10939;0;0.10939;0.00182274;0;0.00182274;0.00362288;0;0.00362288;137;4994.04;./sim_stress_06_08_2023_17324832
0.9;0.9;5;0.02;0.01;0;0.01;0;0.5;0.5;50000;0.087978;0;0.087978;0.0652343;0;0.0652343;0.00243055;0;0.00243055;0.00493145;0;0.00493145;83;4998.01;./sim_stress_06_08_2023_17324833
0.9;0.5;5;0.02;0.01;0;0.01;0;0.5;0.5;50000;0.053019;0;0.053019;-0.0150213;0;-0.0150213;0.00725788;0;0.00725788;0.00384674;0;0.00384674;53;4998.33;./sim_stress_06_08_2023_17324834
0.9;0.9;5;0.02;0.01;0;0.01;0;0.5;0.5;50000;0.122625;0;0.122625;0.120205;0;0.120205;0.0022086;0;0.0022086;0.00350324;0;0.00350324;137;4995.5;./sim_stress_06_08_2023_17324835
0.9;0.5;5;0.02;0.01;0;0.01;0;0.5;0.5;50000;0.118694;0;0.118694;0.0564558;0;0.0564558;0.00648699;0;0.00648699;0.0054826;0;0.0054826;119;4995.37;./sim_stress_06_08_2023_17324836
0.9;0.9;5;0.02;0.01;0;0.01;0;0.5;0.5;50000;0.124397;0;0.124397;0.0258303;0;0.0258303;0.00589434;0;0.00589434;0.0101267;0;0.0101267;104;4994.85;./sim_stress_06_08_2023_17324837
0.9;0.5;5;0.02;0.01;0;0.01;0;0.5;0.5;50000;0.111937;0;0.111937;0.0469036;0;0.0469036;0.00279907;0;0.00279907;0.00617833;0;0.00617833;93;4997.2;./sim_stress_06_08_2023_17324838
0.9;0.9;5;0.02;0.01;0;0.01;0;0.5;0.5;50000;-0.0863041;0;-0.0863041;-0.112756;0;-0.112756;0.00919434;0;0.00919434;0.00295077;0;0.00295077;1;4995.52;./sim_stress_06_08_2023_17324839
0.9;0.5;5;0.02;0.01;0;0.01;0;0.5;0.5;50000;-0.0476284;0;-0.0476284;0.0177864;0;0.0177864;0.00486416;0;0.00486416;0.00756463;0;0.00756463;0;4998.56;./sim_stress_06_08_2023_17324840
0.9;0.9;5;0.02;0.01;0;0.01;0;0.5;0.5;50000;0.0538363;0;0.0538363;-0.0445451;0;-0.0445451;0.00661045;0;0.00661045;0.00286237;0;0.00286237;56;4998.7;./sim_stress_06_08_2023_17324841
0.1;0.5;5;0.02;0.01;0;0.01;0;0.5;0.5;50000;0.438196;0;0.438196;0.549738;0;0.549738;0.00191126;0;0.00191126;0.00107761;0;0.00107761;370;4357.38;./sim_stress_06_08_2023_17324842
0.1;0.9;5;0.02;0.01;0;0.01;0;0.5;0.5;50000;0.511206;0;0.511206;0.402438;0;0.402438;0.00165005;0;0.00165005;0.00152601;0;0.00152601;383;4515.95;./sim_stress_06_08_2023_17324843
0.1;0.5;5;0.02;0.01;0;0.01;0;0.5;0.5;50000;0.42241;0;0.42241;0.518412;0;0.518412;0.00221156;0;0.00221156;0.00106832;0;0.00106832;340;4470.38;./sim_stress_06_08_2023_17324844
0.1;0.9;5;0.02;0.01;0;0.01;0;0.5;0.5;50000;0.471179;0;0.471179;0.374174;0;0.374174;0.001464;0;0.001464;0.00382787;0;0.00382787;358;4634.13;./sim_stress_06_08_2023_17324845
0.1;0.5;5;0.02;0.01;0;0.01;0;0.5;0.5;50000;0.389342;0;0.389342;0.478283;0;0.478283;0.00116139;0;0.00116139;0.00125519;0;0.00125519;341;4616.13;./sim_stress_06_08_2023_17324846
0.1;0.9;5;0.02;0.01;0;0.01;0;0.5;0.5;50000;0.434893;0;0.434893;0.332281;0;0.332281;0.00102594;0;0.00102594;0.0010758;0;0.0010758;357;4753.93;./sim_stress_06_08_2023_17324847
0.1;0.5;5;0.02;0.01;0;0.01;0;0.5;0.5;50000;0.330354;0;0.330354;0.415623;0;0.415623;0.00217816;0;0.00217816;0.0022027;0;0.0022027;280;4775.66;./sim_stress_06_08_2023_17324848
0.1;0.9;5;0.02;0.01;0;0.01;0;0.5;0.5;50000;0.358219;0;0.358219;0.263811;0;0.263811;0.00236316;0;0.00236316;0.00268235;0;0.00268235;289;4879.59;./sim_stress_06_08_2023_17324849
0.1;0.5;5;0.02;0.01;0;0.01;0;0.5;0.5;50000;0.257606;0;0.257606;0.281507;0;0.281507;0.00221104;0;0.00221104;0.00200729;0;0.00200729;227;4937.91;./sim_stress_06_08_2023_17324850
0.1;0.9;5;0.02;0.01;0;0.01;0;0.5;0.5;50000;0.324784;0;0.324784;0.209876;0;0.209876;0.00115954;0;0.00115954;0.00290779;0;0.00290779;296;4926.62;./sim_stress_06_08_2023_17324851
0.1;0.5;5;0.02;0.01;0;0.01;0;0.5;0.5;50000;0.193474;0;0.193474;0.195458;0;0.195458;0.00313662;0;0.00313662;0.00416585;0;0.00416585;178;4977.85;./sim_stress_06_08_2023_17324852
0.1;0.9;5;0.02;0.01;0;0.01;0;0.5;0.5;50000;0.232161;0;0.232161;0.113302;0;0.113302;0.00302444;0;0.00302444;0.00539452;0;0.00539452;203;4977.06;./sim_stress_06_08_2023_17324853
0.1;0.5;5;0.02;0.01;0;0.01;0;0.5;0.5;50000;0.147946;0;0.147946;0.0949061;0;0.0949061;0.0044222;0;0.0044222;0.0068463;0;0.0068463;163;4992.31;./sim_stress_06_08_2023_17324854
0.1;0.9;5;0.02;0.01;0;0.01;0;0.5;0.5;50000;0.211935;0;0.211935;0.112909;0;0.112909;0.00376467;0;0.00376467;0.00530087;0;0.00530087;179;4982.34;./sim_stress_06_08_2023_17324855
0.5;0.5;5;0.02;0.01;0;0.01;0;0.5;0.5;50000;0.233923;0;0.233923;0.227409;0;0.227409;0.00172734;0;0.00172734;0.00189781;0;0.00189781;218;4965.94;./sim_stress_06_08_2023_17324856
0.5;0.9;5;0.02;0.01;0;0.01;0;0.5;0.5;50000;0.284598;0;0.284598;0.175901;0;0.175901;0.00213068;0;0.00213068;0.00193787;0;0.00193787;264;4953.92;./sim_stress_06_08_2023_17324857
0.5;0.5;5;0.02;0.01;0;0.01;0;0.5;0.5;50000;0.246688;0;0.246688;0.254428;0;0.254428;0.0038304;0;0.0038304;0.00195947;0;0.00195947;225;4950.36;./sim_stress_06_08_2023_17324858
0.5;0.9;5;0.02;0.01;0;0.01;0;0.5;0.5;50000;0.295929;0;0.295929;0.202549;0;0.202549;0.00165014;0;0.00165014;0.00318096;0;0.00318096;262;4946.19;./sim_stress_06_08_2023_17324859
0.5;0.5;5;0.02;0.01;0;0.01;0;0.5;0.5;50000;0.215784;0;0.215784;0.241446;0;0.241446;0.00269396;0;0.00269396;0.00194467;0;0.00194467;207;4965.13;./sim_stress_06_08_2023_17324860
0.5;0.9;5;0.02;0.01;0;0.01;0;0.5;0.5;50000;0.277698;0;0.277698;0.13639;0;0.13639;0.00226098;0;0.00226098;0.00226048;0;0.00226048;229;4961.97;./sim_stress_06_08_2023_17324861
0.5;0.5;5;0.02;0.01;0;0.01;0;0.5;0.5;50000;0.169731;0;0.169731;0.173627;0;0.173627;0.00318899;0;0.00318899;0.00338163;0;0.00338163;152;4984.76;./sim_stress_06_08_2023_17324862
0.5;0.9;5;0.02;0.01;0;0.01;0;0.5;0.5;50000;0.224028;0;0.224028;0.148725;0;0.148725;0.0027016;0;0.0027016;0.00483741;0;0.00483741;212;4977.95;./sim_stress_06_08_2023_17324863
0.5;0.5;5;0.02;0.01;0;0.01;0;0.5;0.5;50000;0.120007;0;0.120007;0.077246;0;0.077246;0.0034205;0;0.0034205;0.00444553;0;0.00444553;113;4995.93;./sim_stress_06_08_2023_17324864
0.5;0.9;5;0.02;0.01;0;0.01;0;0.5;0.5;50000;0.179478;0;0.179478;0.0396552;0;0.0396552;0.0032068;0;0.0032068;0.00691196;0;0.00691196;170;4990.94;./sim_stress_06_08_2023_17324865
0.5;0.5;5;0.02;0.01;0;0.01;0;0.5;0.5;50000;0.0743481;0;0.0743481;0.0928332;0;0.0928332;0.00405009;0;0.00405009;0.00900616;0;0.00900616;74;4996.43;./sim_stress_06_08_2023_17324866
0.5;0.9;5;0.02;0.01;0;0.01;0;0.5;0.5;50000;0.121611;0;0.121611;0.115801;0;0.115801;0.00311944;0;0.00311944;0.00382323;0;0.00382323;124;4994.96;./sim_stress_06_08_2023_17324867
0.5;0.5;5;0.02;0.01;0;0.01;0;0.5;0.5;50000;0.0476024;0;0.0476024;-0.0368534;0;-0.0368534;0.00526455;0;0.00526455;0.0119817;0;0.0119817;49;4996.9;./sim_stress_06_08_2023_17324868
0.5;0.9;5;0.02;0.01;0;0.01;0;0.5;0.5;50000;0.0719772;0;0.0719772;0.0762884;0;0.0762884;0.00238131;0;0.00238131;0.00636919;0;0.00636919;71;4998.01;./sim_stress_06_08_2023_17324869
0.9;0.5;5;0.02;0.01;0;0.01;0;0.5;0.5;50000;0.0399809;0;0.0399809;0.00988139;0;0.00988139;0.0115126;0;0.0115126;0.00804732;0;0.00804732;34;4997.02;./sim_stress_06_08_2023_17324870
0.9;0.9;5;0.02;0.01;0;0.01;0;0.5;0.5;50000;0.155787;0;0.155787;-0.0300061;0;-0.0300061;0.00282545;0;0.00282545;0.00678614;0;0.00678614;160;4994.48;./sim_stress_06_08_2023_17324871
0.9;0.5;5;0.02;0.01;0;0.01;0;0.5;0.5;50000;0.0951658;0;0.0951658;0.0964358;0;0.0964358;0.00559327;0;0.00559327;0.00319403;0;0.00319403;97;4996.33;./sim_stress_06_08_2023_17324872
0.9;0.9;5;0.02;0.01;0;0.01;0;0.5;0.5;50000;0.172177;0;0.172177;0.0210957;0;0.0210957;0.00271883;0;0.00271883;0.00384567;0;0.00384567;158;4992.95;./sim_stress_06_08_2023_17324873
0.9;0.5;5;0.02;0.01;0;0.01;0;0.5;0.5;50000;0.108327;0;0.108327;0.0213505;0;0.0213505;0.00449822;0;0.00449822;0.00695205;0;0.00695205;103;4996.14;./sim_stress_06_08_2023_17324874
0.9;0.9;5;0.02;0.01;0;0.01;0;0.5;0.5;50000;0.152727;0;0.152727;0.037558;0;0.037558;0.00387162;0;0.00387162;0.0053557;0;0.0053557;144;4993.92;./sim_stress_06_08_2023_17324875
0.9;0.5;5;0.02;0.01;0;0.01;0;0.5;0.5;50000;0.0987515;0;0.0987515;-0.0563793;0;-0.0563793;0.00859692;0;0.00859692;0.00725266;0;0.00725266;93;4995.29;./sim_stress_06_08_2023_17324876
0.9;0.9;5;0.02;0.01;0;0.01;0;0.5;0.5;50000;0.109556;0;0.109556;0.0334602;0;0.0334602;0.00218797;0;0.00218797;0.0167026;0;0.0167026;106;4994.52;./sim_stress_06_08_2023_17324877
0.9;0.5;5;0.02;0.01;0;0.01;0;0.5;0.5;50000;-0.0340774;0;-0.0340774;-0.0589217;0;-0.0589217;0.00413227;0;0.00413227;0.00415248;0;0.00415248;2;4999.09;./sim_stress_06_08_2023_17324878
0.9;0.9;5;0.02;0.01;0;0.01;0;0.5;0.5;50000;0.067835;0;0.067835;0.051612;0;0.051612;0.00264258;0;0.00264258;0.00520571;0;0.00520571;70;4998.53;./sim_stress_06_08_2023_17324879
0.9;0.5;5;0.02;0.01;0;0.01;0;0.5;0.5;50000;0.0124128;0;0.0124128;-0.0776633;0;-0.0776633;0.011369;0;0.011369;0.00218794;0;0.00218794;30;4998.04;./sim_stress_06_08_2023_17324880
0.9;0.9;5;0.02;0.01;0;0.01;0;0.5;0.5;50000;-0.00262906;0;-0.00262906;0.0313156;0;0.0313156;0.00914704;0;0.00914704;0.00428175;0;0.00428175;14;4998.57;./sim_stress_06_08_2023_17324881
0.9;0.5;5;0.02;0.01;0;0.01;0;0.5;0.5;50000;-0.0696052;0;-0.0696052;0.0662892;0;0.0662892;0.00436536;0;0.00436536;0.0058572;0;0.0058572;0;4998.14;./sim_stress_06_08_2023_17324882
0.9;0.9;5;0.02;0.01;0;0.01;0;0.5;0.5;50000;0.0720747;0;0.0720747;-0.0373747;0;-0.0373747;0.00603754;0;0.00603754;0.00524304;0;0.00524304;64;4998.18;./sim_stress_06_08_2023_17324883
0.1;0.5;5;0.02;0.01;0;0.01;0;0.5;0.5;50000;0.438902;0;0.438902;0.538041;0;0.538041;0.00123828;0;0.00123828;0.00114154;0;0.00114154;343;4400.03;./sim_stress_06_08_2023_17324884
0.1;0.9;5;0.02;0.01;0;0.01;0;0.5;0.5;50000;0.495671;0;0.495671;0.385268;0;0.385268;0.00152147;0;0.00152147;0.0015314;0;0.0015314;391;4580.87;./sim_stress_06_08_2023_17324885
0.1;0.5;5;0.02;0.01;0;0.01;0;0.5;0.5;50000;0.416615;0;0.416615;0.525073;0;0.525073;0.00171123;0;0.00171123;0.00122871;0;0.00122871;361;4464.41;./sim_stress_06_08_2023_17324886
0.1;0.9;5;0.02;0.01;0;0.01;0;0.5;0.5;50000;0.461646;0;0.461646;0.38273;0;0.38273;0.00141032;0;0.00141032;0.00139817;0;0.00139817;391;4656.93;./sim_stress_06_08_2023_17324887
0.1;0.5;5;0.02;0.01;0;0.01;0;0.5;0.5;50000;0.393696;0;0.393696;0.459563;0;0.459563;0.00182167;0;0.00182167;0.00130204;0;0.00130204;312;4646.38;./sim_stress_06_08_2023_17324888
0.1;0.9;5;0.02;0.01;0;0.01;0;0.5;0.5;50000;0.4342;0;0.4342;0.326793;0;0.326793;0.0015801;0;0.0015801;0.00233056;0;0.00233056;338;4749.64;./sim_stress_06_08_2023_17324889
0.1;0.5;5;0.02;0.01;0;0.01;0;0.5;0.5;50000;0.351238;0;0.351238;0.389811;0;0.389811;0.00165653;0;0.00165653;0.00152455;0;0.00152455;289;4797.52;./sim_stress_06_08_2023_17324890
0.1;0.9;5;0.02;0.01;0;0.01;0;0.5;0.5;50000;0.374228;0;0.374228;0.268153;0;0.268153;0.00165208;0;0.00165208;0.00198576;0;0.00198576;283;4866.85;./sim_stress_06_08_2023_17324891
0.1;0.5;5;0.02;0.01;0;0.01;0;0.5;0.5;50000;0.279553;0;0.279553;0.310544;0;0.310544;0.00232923;0;0.00232923;0.001578;0;0.001578;245;4913.54;./sim_stress_06_08_2023_17324892
0.1;0.9;5;0.02;0.01;0;0.01;0;0.5;0.5;50000;0.314766;0;0.314766;0.213401;0;0.213401;0.00173963;0;0.00173963;0.00256772;0;0.00256772;260;4932.61;./sim_stress_06_08_2023_17324893
0.1;0.5;5;0.02;0.01;0;0.01;0;0.5;0.5;50000;0.200129;0;0.200129;0.185087;0;0.185087;0.0034943;0;0.0034943;0.00481091;0;0.00481091;179;4977.15;./sim_stress_06_08_2023_17324894
0.1;0.9;5;0.02;0.01;0;0.01;0;0.5;0.5;50000;0.244815;0;0.244815;0.163394;0;0.163394;0.00272085;0;0.00272085;0.00517051;0;0.00517051;203;4970.09;./sim_stress_06_08_2023_17324895
0.1;0.5;5;0.02;0.01;0;0.01;0;0.5;0.5;50000;0.14236;0;0.14236;0.148213;0;0.148213;0.00540464;0;0.00540464;0.00457036;0;0.00457036;125;4987.62;./sim_stress_06_08_2023_17324896
0.1;0.9;5;0.02;0.01;0;0.01;0;0.5;0.5;50000;0.220159;0;0.220159;0.0844045;0;0.0844045;0.00275985;0;0.00275985;0.00552372;0;0.00552372;206;4981.51;./sim_stress_06_08_2023_17324897
0.5;0.5;5;0.02;0.01;0;0.01;0;0.5;0.5;50000;0.253631;0;0.253631;0.254369;0;0.254369;0.00192633;0;0.00192633;0.00163633;0;0.00163633;227;4950.98;./sim_stress_06_08_2023_17324898
0.5;0.9;5;0.02;0.01;0;0.01;0;0.5;0.5;50000;0.299881;0;0.299881;0.169174;0;0.169174;0.00146597;0;0.00146597;0.00368556;0;0.00368556;277;4947.53;./sim_stress_06_08_2023_17324899
0.5;0.5;5;0.02;0.01;0;0.01;0;0.5;0.5;50000;0.2337;0;0.2337;0.225235;0;0.225235;0.00155007;0;0.00155007;0.00184012;0;0.00184012;184;4966.91;./sim_stress_06_08_2023_173248100
0.5;0.9;5;0.02;0.01;0;0.01;0;0.5;0.5;50000;0.289381;0;0.289381;0.171251;0;0.171251;0.00119923;0;0.00119923;0.00378399;0;0.00378399;232;4954.66;./sim_stress_06_08_2023_173248101
0.5;0.5;5;0.02;0.01;0;0.01;0;0.5;0.5;50000;0.208736;0;0.208736;0.229903;0;0.229903;0.00233537;0;0.00233537;0.00172601;0;0.00172601;159;4970.96;./sim_stress_06_08_2023_173248102
0.5;0.9;5;0.02;0.01;0;0.01;0;0.5;0.5;50000;0.254263;0;0.254263;0.146386;0;0.146386;0.00252728;0;0.00252728;0.00702882;0;0.00702882;216;4967.11;./sim_stress_06_08_2023_173248103
0.5;0.5;5;0.02;0.01;0;0.01;0;0.5;0.5;50000;0.191103;0;0.191103;0.175991;0;0.175991;0.00184809;0;0.00184809;0.00478107;0;0.00478107;172;4981.32;./sim_stress_06_08_2023_173248104
0.5;0.9;5;0.02;0.01;0;0.01;0;0.5;0.5;50000;0.22438;0;0.22438;0.193155;0;0.193155;0.00262229;0;0.00262229;0.00181647;0;0.00181647;203;4974.6;./sim_stress_06_08_2023_173248105
0.5;0.5;5;0.02;0.01;0;0.01;0;0.5;0.5;50000;0.0822478;0;0.0822478;0.0858829;0;0.0858829;0.00289525;0;0.00289525;0.00450476;0;0.00450476;89;4997.56;./sim_stress_06_08_2023_173248106
0.5;0.9;5;0.02;0.01;0;0.01;0;0.5;0.5;50000;0.188178;0;0.188178;0.0834782;0;0.0834782;0.00253886;0;0.00253886;0.0027323;0;0.0027323;164;4990.24;./sim_stress_06_08_2023_173248107
0.5;0.5;5;0.02;0.01;0;0.01;0;0.5;0.5;50000;0.10351;0;0.10351;0.148815;0;0.148815;0.00317474;0;0.00317474;0.00460384;0;0.00460384;100;4993.17;./sim_stress_06_08_2023_173248108
0.5;0.9;5;0.02;0.01;0;0.01;0;0.5;0.5;50000;0.114916;0;0.114916;0.0527294;0;0.0527294;0.00405275;0;0.00405275;0.0107077;0;0.0107077;108;4995.04;./sim_stress_06_08_2023_173248109
0.5;0.5;5;0.02;0.01;0;0.01;0;0.5;0.5;50000;0.061303;0;0.061303;0.038285;0;0.038285;0.00290614;0;0.00290614;0.00543;0;0.00543;68;4998.89;./sim_stress_06_08_2023_173248110
0.5;0.9;5;0.02;0.01;0;0.01;0;0.5;0.5;50000;-0.00746054;0;-0.00746054;-0.115565;0;-0.115565;0.0170351;0;0.0170351;0.00757556;0;0.00757556;26;4993.92;./sim_stress_06_08_2023_173248111
0.9;0.5;5;0.02;0.01;0;0.01;0;0.5;0.5;50000;0.124017;0;0.124017;0.0549587;0;0.0549587;0.00552669;0;0.00552669;0.00742042;0;0.00742042;134;4995.29;./sim_stress_06_08_2023_173248112
0.9;0.9;5;0.02;0.01;0;0.01;0;0.5;0.5;50000;0.161337;0;0.161337;0.0892627;0;0.0892627;0.00223064;0;0.00223064;0.00390059;0;0.00390059;141;4993.49;./sim_stress_06_08_2023_173248113
0.9;0.5;5;0.02;0.01;0;0.01;0;0.5;0.5;50000;0.0916737;0;0.0916737;0.0508929;0;0.0508929;0.00634667;0;0.00634667;0.00548611;0;0.00548611;80;4996.79;./sim_stress_06_08_2023_173248114
0.9;0.9;5;0.02;0.01;0;0.01;0;0.5;0.5;50000;0.116649;0;0.116649;0.0501614;0;0.0501614;0.00475322;0;0.00475322;0.0106135;0;0.0106135;113;4995.2;./sim_stress_06_08_2023_173248115
0.9;0.5;5;0.02;0.01;0;0.01;0;0.5;0.5;50000;0.0963797;0;0.0963797;0.0664606;0;0.0664606;0.00671563;0;0.00671563;0.00510872;0;0.00510872;79;4995.99;./sim_stress_06_08_2023_173248116
0.9;0.9;5;0.02;0.01;0;0.01;0;0.5;0.5;50000;0.13638;0;0.13638;0.0407451;0;0.0407451;0.0020883;0;0.0020883;0.00245355;0;0.00245355;131;4996.88;./sim_stress_06_08_2023_173248117
0.9;0.5;5;0.02;0.01;0;0.01;0;0.5;0.5;50000;0.082601;0;0.082601;0.00521956;0;0.00521956;0.00427819;0;0.00427819;0.00600359;0;0.00600359;87;4998.36;./sim_stress_06_08_2023_173248118
0.9;0.9;5;0.02;0.01;0;0.01;0;0.5;0.5;50000;0.122765;0;0.122765;0.0435627;0;0.0435627;0.00409648;0;0.00409648;0.00470313;0;0.00470313;105;4996.54;./sim_stress_06_08_2023_173248119
0.9;0.5;5;0.02;0.01;0;0.01;0;0.5;0.5;50000;0.0966452;0;0.0966452;-0.0834628;0;-0.0834628;0.00427113;0;0.00427113;0.00782995;0;0.00782995;95;4995.61;./sim_stress_06_08_2023_173248120
0.9;0.9;5;0.02;0.01;0;0.01;0;0.5;0.5;50000;0.014962;0;0.014962;0.011514;0;0.011514;0.0131784;0;0.0131784;0.00569031;0;0.00569031;27;4997.72;./sim_stress_06_08_2023_173248121
0.9;0.5;5;0.02;0.01;0;0.01;0;0.5;0.5;50000;0.00195786;0;0.00195786;-0.0196914;0;-0.0196914;0.00642941;0;0.00642941;0.00428335;0;0.00428335;24;4999.13;./sim_stress_06_08_2023_173248122
0.9;0.9;5;0.02;0.01;0;0.01;0;0.5;0.5;50000;0.0325704;0;0.0325704;-0.00617373;0;-0.00617373;0.00260212;0;0.00260212;0.0030391;0;0.0030391;39;4999.64;./sim_stress_06_08_2023_173248123
0.9;0.5;5;0.02;0.01;0;0.01;0;0.5;0.5;50000;-0.0552427;0;-0.0552427;-0.0161389;0;-0.0161389;0.00674592;0;0.00674592;0.00395238;0;0.00395238;0;4999.05;./sim_stress_06_08_2023_173248124
0.9;0.9;5;0.02;0.01;0;0.01;0;0.5;0.5;50000;0.028059;0;0.028059;0.0369411;0;0.0369411;0.00895956;0;0.00895956;0.00761016;0;0.00761016;38;4997.98;./sim_stress_06_08_2023_173248125
0.1;0.5;5;0.02;0.01;0;0.01;0;0.5;0.5;50000;0.452119;0;0.452119;0.54379;0;0.54379;0.00183717;0;0.00183717;0.000919233;0;0.000919233;371;4351.07;./sim_stress_06_08_2023_173248126
0.1;0.9;5;0.02;0.01;0;0.01;0;0.5;0.5;50000;0.503752;0;0.503752;0.402335;0;0.402335;0.00143743;0;0.00143743;0.00108516;0;0.00108516;399;4539.57;./sim_stress_06_08_2023_173248127
0.1;0.5;5;0.02;0.01;0;0.01;0;0.5;0.5;50000;0.404718;0;0.404718;0.518992;0;0.518992;0.00127462;0;0.00127462;0.0011488;0;0.0011488;352;4495.48;./sim_stress_06_08_2023_173248128
0.1;0.9;5;0.02;0.01;0;0.01;0;0.5;0.5;50000;0.477919;0;0.477919;0.374497;0;0.374497;0.00163773;0;0.00163773;0.00183952;0;0.00183952;386;4628.3;./sim_stress_06_08_2023_173248129
0.1;0.5;5;0.02;0.01;0;0.01;0;0.5;0.5;50000;0.37189;0;0.37189;0.469506;0;0.469506;0.00158759;0;0.00158759;0.00214117;0;0.00214117;319;4646.46;./sim_stress_06_08_2023_173248130
0.1;0.9;5;0.02;0.01;0;0.01;0;0.5;0.5;50000;0.420598;0;0.420598;0.305295;0;0.305295;0.00140548;0;0.00140548;0.00255726;0;0.00255726;337;4785.09;./sim_stress_06_08_2023_173248131
0.1;0.5;5;0.02;0.01;0;0.01;0;0.5;0.5;50000;0.326742;0;0.326742;0.382755;0;0.382755;0.00229193;0;0.00229193;0.00123015;0;0.00123015;275;4823.63;./sim_stress_06_08_2023_173248132
0.1;0.9;5;0.02;0.01;0;0.01;0;0.5;0.5;50000;0.356624;0;0.356624;0.270289;0;0.270289;0.00153674;0;0.00153674;0.00226868;0;0.00226868;295;4882.63;./sim_stress_06_08_2023_173248133
0.1;0.5;5;0.02;0.01;0;0.01;0;0.5;0.5;50000;0.285589;0;0.285589;0.289132;0;0.289132;0.00156676;0;0.00156676;0.00183732;0;0.00183732;258;4923.48;./sim_stress_06_08_2023_173248134
0.1;0.9;5;0.02;0.01;0;0.01;0;0.5;0.5;50000;0.292729;0;0.292729;0.225602;0;0.225602;0.0020892;0;0.0020892;0.00259985;0;0.00259985;255;4940.72;./sim_stress_06_08_2023_173248135
0.1;0.5;5;0.02;0.01;0;0.01;0;0.5;0.5;50000;0.234226;0;0.234226;0.19887;0;0.19887;0.00394872;0;0.00394872;0.00429319;0;0.00429319;209;4965.91;./sim_stress_06_08_2023_173248136
0.1;0.9;5;0.02;0.01;0;0.01;0;0.5;0.5;50000;0.236669;0;0.236669;0.147943;0;0.147943;0.00241998;0;0.00241998;0.00342639;0;0.00342639;231;4975.26;./sim_stress_06_08_2023_173248137
0.1;0.5;5;0.02;0.01;0;0.01;0;0.5;0.5;50000;0.107599;0;0.107599;0.158923;0;0.158923;0.00511974;0;0.00511974;0.00454054;0;0.00454054;112;4989.45;./sim_stress_06_08_2023_173248138
0.1;0.9;5;0.02;0.01;0;0.01;0;0.5;0.5;50000;0.186765;0;0.186765;0.0303258;0;0.0303258;0.00362035;0;0.00362035;0.00449925;0;0.00449925;166;4989.9;./sim_stress_06_08_2023_173248139
0.5;0.5;5;0.02;0.01;0;0.01;0;0.5;0.5;50000;0.2301;0;0.2301;0.23313;0;0.23313;0.00214599;0;0.00214599;0.00132527;0;0.00132527;208;4965.49;./sim_stress_06_08_2023_173248140
0.5;0.9;5;0.02;0.01;0;0.01;0;0.5;0.5;50000;0.293804;0;0.293804;0.197988;0;0.197988;0.00203313;0;0.00203313;0.00430814;0;0.00430814;236;4944.89;./sim_stress_06_08_2023_173248141
0.5;0.5;5;0.02;0.01;0;0.01;0;0.5;0.5;50000;0.235624;0;0.235624;0.232086;0;0.232086;0.00217716;0;0.00217716;0.00248206;0;0.00248206;211;4962.9;./sim_stress_06_08_2023_173248142
0.5;0.9;5;0.02;0.01;0;0.01;0;0.5;0.5;50000;0.271728;0;0.271728;0.205374;0;0.205374;0.00241312;0;0.00241312;0.00394394;0;0.00394394;225;4954.5;./sim_stress_06_08_2023_173248143
0.5;0.5;5;0.02;0.01;0;0.01;0;0.5;0.5;50000;0.225782;0;0.225782;0.232393;0;0.232393;0.00240595;0;0.00240595;0.00280714;0;0.00280714;204;4964.1;./sim_stress_06_08_2023_173248144
0.5;0.9;5;0.02;0.01;0;0.01;0;0.5;0.5;50000;0.263684;0;0.263684;0.157318;0;0.157318;0.00195895;0;0.00195895;0.00164004;0;0.00164004;221;4967.72;./sim_stress_06_08_2023_173248145
0.5;0.5;5;0.02;0.01;0;0.01;0;0.5;0.5;50000;0.184877;0;0.184877;0.169394;0;0.169394;0.00538652;0;0.00538652;0.00342853;0;0.00342853;160;4981.77;./sim_stress_06_08_2023_173248146
0.5;0.9;5;0.02;0.01;0;0.01;0;0.5;0.5;50000;0.231442;0;0.231442;0.161942;0;0.161942;0.00163353;0;0.00163353;0.00361101;0;0.00361101;225;4976.93;./sim_stress_06_08_2023_173248147
0.5;0.5;5;0.02;0.01;0;0.01;0;0.5;0.5;50000;0.176537;0;0.176537;0.0951922;0;0.0951922;0.0041583;0;0.0041583;0.00690083;0;0.00690083;157;4987.92;./sim_stress_06_08_2023_173248148
0.5;0.9;5;0.02;0.01;0;0.01;0;0.5;0.5;50000;0.193472;0;0.193472;0.0558047;0;0.0558047;0.005438;0;0.005438;0.0073978;0;0.0073978;184;4985.96;./sim_stress_06_08_2023_173248149
0.5;0.5;5;0.02;0.01;0;0.01;0;0.5;0.5;50000;0.115407;0;0.115407;0.0840344;0;0.0840344;0.00576803;0;0.00576803;0.00874285;0;0.00874285;87;4994.27;./sim_stress_06_08_2023_173248150
0.5;0.9;5;0.02;0.01;0;0.01;0;0.5;0.5;50000;0.150441;0;0.150441;0.0412304;0;0.0412304;0.00321282;0;0.00321282;0.00317999;0;0.00317999;125;4995.29;./sim_stress_06_08_2023_173248151
0.5;0.5;5;0.02;0.01;0;0.01;0;0.5;0.5;50000;0.0171912;0;0.0171912;0.0123949;0;0.0123949;0.00413022;0;0.00413022;0.0176164;0;0.0176164;19;4996.58;./sim_stress_06_08_2023_173248152
0.5;0.9;5;0.02;0.01;0;0.01;0;0.5;0.5;50000;0.11747;0;0.11747;-0.0087207;0;-0.0087207;0.00319533;0;0.00319533;0.00811973;0;0.00811973;114;4996.7;./sim_stress_06_08_2023_173248153
0.9;0.5;5;0.02;0.01;0;0.01;0;0.5;0.5;50000;0.0950773;0;0.0950773;0.0513304;0;0.0513304;0.00543887;0;0.00543887;0.00407694;0;0.00407694;96;4997.71;./sim_stress_06_08_2023_173248154
0.9;0.9;5;0.02;0.01;0;0.01;0;0.5;0.5;50000;0.161522;0;0.161522;-0.0095366;0;-0.0095366;0.0037798;0;0.0037798;0.00505605;0;0.00505605;125;4992.99;./sim_stress_06_08_2023_173248155
0.9;0.5;5;0.02;0.01;0;0.01;0;0.5;0.5;50000;0.0768986;0;0.0768986;0.0613613;0;0.0613613;0.0057093;0;0.0057093;0.00574717;0;0.00574717;66;4997.1;./sim_stress_06_08_2023_173248156
0.9;0.9;5;0.02;0.01;0;0.01;0;0.5;0.5;50000;0.141167;0;0.141167;0.05693;0;0.05693;0.00359646;0;0.00359646;0.00395526;0;0.00395526;160;4994.77;./sim_stress_06_08_2023_173248157
0.9;0.5;5;0.02;0.01;0;0.01;0;0.5;0.5;50000;0.070292;0;0.070292;0.0536785;0;0.0536785;0.00481555;0;0.00481555;0.00453485;0;0.00453485;71;4998.32;./sim_stress_06_08_2023_173248158
0.9;0.9;5;0.02;0.01;0;0.01;0;0.5;0.5;50000;0.120977;0;0.120977;0.0684033;0;0.0684033;0.00348939;0;0.00348939;0.00630354;0;0.00630354;112;4996.32;./sim_stress_06_08_2023_173248159
0.9;0.5;5;0.02;0.01;0;0.01;0;0.5;0.5;50000;0.020917;0;0.020917;0.0351978;0;0.0351978;0.00523834;0;0.00523834;0.00625498;0;0.00625498;30;4998.56;./sim_stress_06_08_2023_173248160
0.9;0.9;5;0.02;0.01;0;0.01;0;0.5;0.5;50000;0.113032;0;0.113032;0.023816;0;0.023816;0.0015611;0;0.0015611;0.00541316;0;0.00541316;107;4998.04;./sim_stress_06_08_2023_173248161
0.9;0.5;5;0.02;0.01;0;0.01;0;0.5;0.5;50000;-0.0201397;0;-0.0201397;0.0198147;0;0.0198147;0.00506052;0;0.00506052;0.00304362;0;0.00304362;2;4999.38;./sim_stress_06_08_2023_173248162
0.9;0.9;5;0.02;0.01;0;0.01;0;0.5;0.5;50000;0.0979595;0;0.0979595;0.0586351;0;0.0586351;0.00391872;0;0.00391872;0.00534104;0;0.00534104;81;4997.44;./sim_stress_06_08_2023_173248163
0.9;0.5;5;0.02;0.01;0;0.01;0;0.5;0.5;50000;0.00536662;0;0.00536662;0.00550331;0;0.00550331;0.00297583;0;0.00297583;0.00533613;0;0.00533613;11;4999.53;./sim_stress_06_08_2023_173248164
0.9;0.9;5;0.02;0.01;0;0.01;0;0.5;0.5;50000;0.00983558;0;0.00983558;-0.056311;0;-0.056311;0.00713407;0;0.00713407;0.00594867;0;0.00594867;24;4998.38;./sim_stress_06_08_2023_173248165
0.9;0.5;5;0.02;0.01;0;0.01;0;0.5;0.5;50000;-0.000506652;0;-0.000506652;-0.0105359;0;-0.0105359;0.00585474;0;0.00585474;0.0087297;0;0.0087297;15;4998.87;./sim_stress_06_08_2023_173248166
0.9;0.9;5;0.02;0.01;0;0.01;0;0.5;0.5;50000;0.0276413;0;0.0276413;0.0263293;0;0.0263293;0.00526324;0;0.00526324;0.00392034;0;0.00392034;34;4999.13;./sim_stress_06_08_2023_173248167
0.1;0.5;5;0.02;0.01;0;0.01;0;0.5;0.5;50000;0.449749;0;0.449749;0.555077;0;0.555077;0.00140627;0;0.00140627;0.000976409;0;0.000976409;384;4321.03;./sim_stress_06_08_2023_173248168
0.1;0.9;5;0.02;0.01;0;0.01;0;0.5;0.5;50000;0.490224;0;0.490224;0.409486;0;0.409486;0.00137089;0;0.00137089;0.00174639;0;0.00174639;404;4563.23;./sim_stress_06_08_2023_173248169
0.1;0.5;5;0.02;0.01;0;0.01;0;0.5;0.5;50000;0.420971;0;0.420971;0.515692;0;0.515692;0.0018949;0;0.0018949;0.00127765;0;0.00127765;343;4480.06;./sim_stress_06_08_2023_173248170
0.1;0.9;5;0.02;0.01;0;0.01;0;0.5;0.5;50000;0.467727;0;0.467727;0.384208;0;0.384208;0.00180205;0;0.00180205;0.000695175;0;0.000695175;366;4643.18;./sim_stress_06_08_2023_173248171
0.1;0.5;5;0.02;0.01;0;0.01;0;0.5;0.5;50000;0.395234;0;0.395234;0.467302;0;0.467302;0.00199232;0;0.00199232;0.00150804;0;0.00150804;324;4628.22;./sim_stress_06_08_2023_173248172
0.1;0.9;5;0.02;0.01;0;0.01;0;0.5;0.5;50000;0.433609;0;0.433609;0.314652;0;0.314652;0.00128578;0;0.00128578;0.00258715;0;0.00258715;370;4761.12;./sim_stress_06_08_2023_173248173
0.1;0.5;5;0.02;0.01;0;0.01;0;0.5;0.5;50000;0.332843;0;0.332843;0.387591;0;0.387591;0.00162315;0;0.00162315;0.0024149;0;0.0024149;270;4812.98;./sim_stress_06_08_2023_173248174
0.1;0.9;5;0.02;0.01;0;0.01;0;0.5;0.5;50000;0.364146;0;0.364146;0.286353;0;0.286353;0.00160163;0;0.00160163;0.00165363;0;0.00165363;289;4869.18;./sim_stress_06_08_2023_173248175
0.1;0.5;5;0.02;0.01;0;0.01;0;0.5;0.5;50000;0.273701;0;0.273701;0.268375;0;0.268375;0.00252624;0;0.00252624;0.00291961;0;0.00291961;237;4933.72;./sim_stress_06_08_2023_173248176
0.1;0.9;5;0.02;0.01;0;0.01;0;0.5;0.5;50000;0.324417;0;0.324417;0.209855;0;0.209855;0.00177864;0;0.00177864;0.00275814;0;0.00275814;298;4925.65;./sim_stress_06_08_2023_173248177
0.1;0.5;5;0.02;0.01;0;0.01;0;0.5;0.5;50000;0.204671;0;0.204671;0.190135;0;0.190135;0.00215903;0;0.00215903;0.00574788;0;0.00574788;199;4975.41;./sim_stress_06_08_2023_173248178
0.1;0.9;5;0.02;0.01;0;0.01;0;0.5;0.5;50000;0.227791;0;0.227791;0.125908;0;0.125908;0.00316171;0;0.00316171;0.0044994;0;0.0044994;201;4977.66;./sim_stress_06_08_2023_173248179
0.1;0.5;5;0.02;0.01;0;0.01;0;0.5;0.5;50000;0.147031;0;0.147031;0.135831;0;0.135831;0.00390872;0;0.00390872;0.00845852;0;0.00845852;143;4988.84;./sim_stress_06_08_2023_173248180
0.1;0.9;5;0.02;0.01;0;0.01;0;0.5;0.5;50000;0.198787;0;0.198787;0.132636;0;0.132636;0.00373483;0;0.00373483;0.00350399;0;0.00350399;179;4984.27;./sim_stress_06_08_2023_173248181
0.5;0.5;5;0.02;0.01;0;0.01;0;0.5;0.5;50000;0.213435;0;0.213435;0.248699;0;0.248699;0.00378559;0;0.00378559;0.00201284;0;0.00201284;205;4961.58;./sim_stress_06_08_2023_173248182
0.5;0.9;5;0.02;0.01;0;0.01;0;0.5;0.5;50000;0.288838;0;0.288838;0.188856;0;0.188856;0.00139595;0;0.00139595;0.00468064;0;0.00468064;240;4951.5;./sim_stress_06_08_2023_173248183
0.5;0.5;5;0.02;0.01;0;0.01;0;0.5;0.5;50000;0.221768;0;0.221768;0.243514;0;0.243514;0.00230256;0;0.00230256;0.00317575;0;0.00317575;182;4960.52;./sim_stress_06_08_2023_173248184
0.5;0.9;5;0.02;0.01;0;0.01;0;0.5;0.5;50000;0.303766;0;0.303766;0.183684;0;0.183684;0.00152343;0;0.00152343;0.00146971;0;0.00146971;283;4946.15;./sim_stress_06_08_2023_173248185
0.5;0.5;5;0.02;0.01;0;0.01;0;0.5;0.5;50000;0.190846;0;0.190846;0.213651;0;0.213651;0.00245099;0;0.00245099;0.00260388;0;0.00260388;197;4976.66;./sim_stress_06_08_2023_173248186
0.5;0.9;5;0.02;0.01;0;0.01;0;0.5;0.5;50000;0.266314;0;0.266314;0.157582;0;0.157582;0.00207234;0;0.00207234;0.00320539;0;0.00320539;238;4964.87;./sim_stress_06_08_2023_173248187
0.5;0.5;5;0.02;0.01;0;0.01;0;0.5;0.5;50000;0.196987;0;0.196987;0.192218;0;0.192218;0.00268887;0;0.00268887;0.00240624;0;0.00240624;183;4980.18;./sim_stress_06_08_2023_173248188
0.5;0.9;5;0.02;0.01;0;0.01;0;0.5;0.5;50000;0.22189;0;0.22189;0.14304;0;0.14304;0.00213721;0;0.00213721;0.00359333;0;0.00359333;209;4980.19;./sim_stress_06_08_2023_173248189
0.5;0.5;5;0.02;0.01;0;0.01;0;0.5;0.5;50000;0.16301;0;0.16301;0.132782;0;0.132782;0.00528289;0;0.00528289;0.00568399;0;0.00568399;162;4987.3;./sim_stress_06_08_2023_173248190
0.5;0.9;5;0.02;0.01;0;0.01;0;0.5;0.5;50000;0.196633;0;0.196633;0.10755;0;0.10755;0.0030751;0;0.0030751;0.00329282;0;0.00329282;191;4986.96;./sim_stress_06_08_2023_173248191
0.5;0.5;5;0.02;0.01;0;0.01;0;0.5;0.5;50000;0.094652;0;0.094652;0.085611;0;0.085611;0.00397966;0;0.00397966;0.00355538;0;0.00355538;91;4997.05;./sim_stress_06_08_2023_173248192
0.5;0.9;5;0.02;0.01;0;0.01;0;0.5;0.5;50000;0.126678;0;0.126678;0.0229001;0;0.0229001;0.00842688;0;0.00842688;0.00843735;0;0.00843735;122;4993.95;./sim_stress_06_08_2023_173248193
0.5;0.5;5;0.02;0.01;0;0.01;0;0.5;0.5;50000;0.0166549;0;0.0166549;0.0108912;0;0.0108912;0.00516106;0;0.00516106;0.0162691;0;0.0162691;19;4997.15;./sim_stress_06_08_2023_173248194
0.5;0.9;5;0.02;0.01;0;0.01;0;0.5;0.5;50000;0.0834409;0;0.0834409;-0.05283;0;-0.05283;0.00625816;0;0.00625816;0.00700268;0;0.00700268;78;4997.09;./sim_stress_06_08_2023_173248195
0.9;0.5;5;0.02;0.01;0;0.01;0;0.5;0.5;50000;0.0946196;0;0.0946196;0.116181;0;0.116181;0.00818218;0;0.00818218;0.00380671;0;0.00380671;99;4994.38;./sim_stress_06_08_2023_173248196
0.9;0.9;5;0.02;0.01;0;0.01;0;0.5;0.5;50000;0.125025;0;0.125025;0.121969;0;0.121969;0.00376475;0;0.00376475;0.00389685;0;0.00389685;113;4993.74;./sim_stress_06_08_2023_173248197
0.9;0.5;5;0.02;0.01;0;0.01;0;0.5;0.5;50000;0.104977;0;0.104977;0.0742747;0;0.0742747;0.00589647;0;0.00589647;0.00314209;0;0.00314209;94;4996.95;./sim_stress_06_08_2023_173248198
0.9;0.9;5;0.02;0.01;0;0.01;0;0.5;0.5;50000;0.154408;0;0.154408;-0.0230043;0;-0.0230043;0.00259522;0;0.00259522;0.00983807;0;0.00983807;132;4993.7;./sim_stress_06_08_2023_173248199
0.9;0.5;5;0.02;0.01;0;0.01;0;0.5;0.5;50000;0.0874759;0;0.0874759;0.0425441;0;0.0425441;0.0088185;0;0.0088185;0.00482788;0;0.00482788;85;4996.53;./sim_stress_06_08_2023_173248200
0.9;0.9;5;0.02;0.01;0;0.01;0;0.5;0.5;50000;0.149549;0;0.149549;0.0460262;0;0.0460262;0.00520533;0;0.00520533;0.00423493;0;0.00423493;124;4994.53;./sim_stress_06_08_2023_173248201
0.9;0.5;5;0.02;0.01;0;0.01;0;0.5;0.5;50000;0.0861197;0;0.0861197;0.0619885;0;0.0619885;0.00743677;0;0.00743677;0.00295294;0;0.00295294;82;4996.72;./sim_stress_06_08_2023_173248202
0.9;0.9;5;0.02;0.01;0;0.01;0;0.5;0.5;50000;0.125646;0;0.125646;0.0298132;0;0.0298132;0.00336906;0;0.00336906;0.00447453;0;0.00447453;119;4996.9;./sim_stress_06_08_2023_173248203
0.9;0.5;5;0.02;0.01;0;0.01;0;0.5;0.5;50000;-0.0173912;0;-0.0173912;-0.0423096;0;-0.0423096;0.00810974;0;0.00810974;0.00437466;0;0.00437466;8;4998.74;./sim_stress_06_08_2023_173248204
0.9;0.9;5;0.02;0.01;0;0.01;0;0.5;0.5;50000;0.064565;0;0.064565;0.0690794;0;0.0690794;0.00338298;0;0.00338298;0.0030066;0;0.0030066;48;4998.76;./sim_stress_06_08_2023_173248205
0.9;0.5;5;0.02;0.01;0;0.01;0;0.5;0.5;50000;-0.109663;0;-0.109663;-0.049625;0;-0.049625;0.00533183;0;0.00533183;0.00531098;0;0.00531098;0;4996.44;./sim_stress_06_08_2023_173248206
0.9;0.9;5;0.02;0.01;0;0.01;0;0.5;0.5;50000;-0.04565;0;-0.04565;0.0754628;0;0.0754628;0.010695;0;0.010695;0.00335721;0;0.00335721;5;4997.54;./sim_stress_06_08_2023_173248207
0.9;0.5;5;0.02;0.01;0;0.01;0;0.5;0.5;50000;0.019443;0;0.019443;-0.0213679;0;-0.0213679;0.00596784;0;0.00596784;0.00403279;0;0.00403279;28;4999.09;./sim_stress_06_08_2023_173248208
0.9;0.9;5;0.02;0.01;0;0.01;0;0.5;0.5;50000;-0.0674918;0;-0.0674918;0.0410825;0;0.0410825;0.00375438;0;0.00375438;0.00546515;0;0.00546515;0;4998.73;./sim_stress_06_08_2023_173248209
